id,gender,contry,date,level,version
1,Female,Czech Republic,2016-06-11,71,5.1.6
2,Male,Ukraine,2016-09-07,58,0.2.5
3,Female,Philippines,2016-03-26,18,7.1.9
4,Male,Greece,2016-03-23,88,0.4.4
5,Male,Indonesia,2016-08-07,21,9.0.7
6,Female,Indonesia,2016-09-05,39,2.4
7,Male,Portugal,2016-02-23,8,1.9.2
8,Male,Mexico,2015-12-30,61,0.88
9,Male,Japan,2016-02-18,97,5.8.2
10,Female,Sweden,2015-11-07,21,8.0
11,Male,Indonesia,2015-12-04,5,2.80
12,Male,Ukraine,2015-11-12,4,9.2
13,Female,Nigeria,2015-11-24,30,0.2.9
14,Female,China,2015-11-19,23,0.5.8
15,Female,Russia,2016-08-11,100,8.13
16,Female,Australia,2015-11-22,97,0.7.1
17,Female,Poland,2016-06-19,73,8.79
18,Female,Philippines,2015-11-23,63,4.34
19,Male,United States,2016-05-30,20,1.63
20,Female,Chile,2016-04-10,80,2.60
21,Male,China,2015-11-04,80,9.10
22,Female,Mauritius,2016-05-07,31,0.9.4
23,Female,China,2016-01-20,47,2.59
24,Male,Egypt,2016-07-30,81,0.91
25,Male,Costa Rica,2016-08-03,85,1.36
26,Female,Philippines,2016-01-08,25,8.33
27,Female,France,2015-11-16,27,0.54
28,Male,Azerbaijan,2016-06-12,28,2.06
29,Female,China,2016-02-06,17,0.95
30,Male,Indonesia,2016-09-04,26,2.08
31,Female,Portugal,2016-04-15,20,3.86
32,Male,Malaysia,2015-10-03,2,5.5.8
33,Male,Tanzania,2016-08-24,64,0.65
34,Male,Indonesia,2016-06-30,90,0.9.1
35,Male,China,2015-12-04,73,0.72
36,Male,Canada,2016-03-01,30,1.3
37,Female,Uzbekistan,2015-09-15,75,0.12
38,Female,Serbia,2016-08-01,38,2.9
39,Female,South Korea,2016-08-11,19,0.99
40,Female,Finland,2016-07-01,99,0.31
41,Male,France,2016-04-08,96,9.13
42,Female,Brazil,2016-09-03,55,0.18
43,Male,Thailand,2016-04-21,89,9.8
44,Female,China,2016-06-19,93,0.71
45,Female,Benin,2016-04-07,21,9.8
46,Male,Spain,2016-02-14,8,2.50
47,Female,Brazil,2016-02-17,37,5.16
48,Female,China,2016-05-25,39,1.2
49,Male,Philippines,2016-08-07,5,0.3.7
50,Male,Indonesia,2016-08-20,18,3.8.0
51,Female,Brazil,2016-03-10,20,0.4.2
52,Male,France,2016-05-31,94,0.38
53,Male,Russia,2016-01-03,77,4.7.4
54,Male,China,2016-09-04,27,7.4.4
55,Female,France,2016-03-10,11,0.8.6
56,Female,Nicaragua,2016-07-13,13,7.4
57,Male,Myanmar,2016-08-30,36,2.0
58,Female,Mexico,2016-05-25,99,0.52
59,Male,Uganda,2016-05-16,84,5.6.0
60,Male,France,2016-06-09,54,3.07
61,Male,Philippines,2016-02-16,99,1.8.6
62,Male,Russia,2015-11-13,65,0.9.5
63,Male,Indonesia,2016-06-01,20,6.42
64,Male,Indonesia,2015-09-28,74,5.28
65,Male,China,2016-08-14,45,6.4.1
66,Female,China,2016-05-17,40,1.1
67,Male,China,2016-04-02,71,0.6.6
68,Male,China,2016-01-19,85,0.7.3
69,Female,Finland,2016-05-04,62,0.36
70,Female,Indonesia,2015-12-02,63,1.8.1
71,Male,Philippines,2016-06-11,31,0.38
72,Female,China,2016-06-03,64,9.2
73,Male,Czech Republic,2016-08-01,15,1.5.0
74,Male,Mexico,2015-09-11,18,2.34
75,Female,France,2016-09-06,1,6.8.9
76,Male,Poland,2016-06-21,33,0.1.9
77,Female,Philippines,2016-07-20,1,0.72
78,Female,China,2016-08-08,58,6.9
79,Female,Philippines,2016-08-26,88,7.29
80,Male,Philippines,2015-12-15,84,9.1
81,Female,China,2016-02-02,88,7.6.2
82,Female,Bolivia,2016-05-16,29,9.48
83,Male,China,2015-09-20,43,7.4
84,Female,Thailand,2015-11-16,28,7.3
85,Male,Indonesia,2015-12-04,71,5.8.1
86,Male,Indonesia,2015-09-30,26,0.3.8
87,Male,France,2016-05-05,22,0.4.6
88,Male,Philippines,2016-06-03,9,7.4.2
89,Male,Netherlands,2016-06-11,96,0.1.2
90,Female,Indonesia,2016-02-08,41,0.4.0
91,Male,Japan,2016-03-10,70,6.5.0
92,Male,China,2016-04-11,7,4.8.4
93,Female,China,2016-01-27,72,4.08
94,Female,Nicaragua,2015-09-14,88,0.1.8
95,Male,France,2016-05-13,57,4.30
96,Male,Iran,2015-11-17,34,2.4.3
97,Male,Slovenia,2015-10-06,63,4.7.3
98,Male,Syria,2016-02-13,27,2.7
99,Male,Sri Lanka,2016-04-17,13,7.44
100,Male,Palau,2016-03-19,71,8.66
101,Female,Portugal,2015-09-12,36,8.6.0
102,Male,China,2016-03-03,90,5.2.7
103,Male,Slovenia,2015-11-23,13,0.48
104,Female,Macedonia,2016-06-16,46,0.5.0
105,Male,Sweden,2016-08-27,59,6.1
106,Male,Czech Republic,2016-01-25,41,8.3.7
107,Female,Indonesia,2015-11-30,66,0.2.2
108,Female,China,2016-06-14,4,7.1
109,Female,Luxembourg,2015-11-07,7,2.1
110,Male,Iran,2015-10-06,49,0.5.0
111,Female,Croatia,2016-01-13,50,4.19
112,Male,Malaysia,2016-04-30,50,6.5.4
113,Male,China,2016-06-07,54,0.13
114,Female,Indonesia,2016-01-10,81,7.6.4
115,Male,Ukraine,2016-06-17,49,3.3.4
116,Male,China,2015-11-02,86,0.9.6
117,Female,Brazil,2016-06-01,73,4.9.5
118,Female,China,2016-05-05,79,7.36
119,Female,China,2015-09-15,70,2.2
120,Female,China,2016-01-27,11,0.6.0
121,Male,Argentina,2016-02-02,51,0.11
122,Female,Bulgaria,2016-05-07,12,6.1
123,Female,Brazil,2016-08-07,68,4.0
124,Male,Philippines,2015-10-06,70,0.60
125,Female,Sweden,2016-03-03,53,0.5.2
126,Female,Canada,2015-10-13,60,2.48
127,Male,Russia,2016-07-06,95,0.5.2
128,Male,Croatia,2016-07-30,44,0.6.4
129,Male,China,2016-07-27,57,2.4.3
130,Male,Pakistan,2016-06-17,20,7.5.1
131,Female,Indonesia,2016-01-08,17,0.60
132,Female,Argentina,2016-01-08,36,0.80
133,Male,China,2016-02-06,39,0.1.1
134,Male,Morocco,2016-08-19,9,0.4.4
135,Female,China,2015-10-08,91,2.66
136,Female,Philippines,2015-09-23,97,0.12
137,Male,China,2016-02-29,23,0.6.2
138,Male,Philippines,2015-11-14,17,2.58
139,Female,Brazil,2016-06-30,55,2.1
140,Male,China,2016-08-22,49,0.30
141,Female,China,2015-11-19,78,0.41
142,Male,Brazil,2016-01-19,4,0.7.7
143,Female,Indonesia,2015-09-25,30,0.84
144,Female,Indonesia,2016-04-25,88,0.3.1
145,Female,Cameroon,2016-07-28,21,0.66
146,Male,Indonesia,2016-06-11,62,5.5.6
147,Female,China,2015-11-26,99,3.17
148,Female,Indonesia,2015-11-21,85,9.6.2
149,Female,China,2015-10-30,35,0.7.6
150,Female,Peru,2016-01-28,1,1.9
151,Female,France,2016-03-03,28,0.2.3
152,Female,Indonesia,2015-12-10,40,4.5.2
153,Male,China,2016-08-23,97,5.4.1
154,Female,China,2016-06-23,31,3.0.8
155,Female,China,2016-05-04,86,9.23
156,Male,Venezuela,2016-08-01,37,0.8.1
157,Female,Paraguay,2016-04-27,90,0.64
158,Male,China,2015-10-18,37,1.1
159,Female,Indonesia,2016-04-14,52,0.6.2
160,Male,China,2015-12-20,96,2.87
161,Male,Indonesia,2016-03-30,64,5.0.7
162,Male,Indonesia,2015-10-22,66,0.8.4
163,Male,Sweden,2015-12-25,15,0.9.1
164,Female,South Africa,2016-08-11,57,6.0
165,Male,Russia,2016-05-09,64,0.10
166,Female,Guatemala,2015-11-28,40,9.2
167,Male,Brazil,2016-01-29,62,7.5
168,Female,Poland,2016-06-09,43,6.22
169,Male,China,2016-02-14,66,0.15
170,Female,Canada,2016-03-28,12,0.8.9
171,Male,United States,2016-08-06,78,5.55
172,Female,China,2015-11-30,26,0.4.9
173,Male,Oman,2016-04-28,92,0.26
174,Female,Brazil,2016-04-25,32,0.18
175,Male,Portugal,2016-07-29,8,4.5
176,Male,United States,2016-02-17,51,1.14
177,Female,Brazil,2016-06-26,16,6.2
178,Female,Georgia,2015-10-19,24,0.66
179,Female,Philippines,2016-03-27,46,4.1
180,Female,Syria,2016-06-30,31,0.32
181,Male,Vietnam,2016-01-19,40,8.9
182,Female,Costa Rica,2016-01-27,75,5.76
183,Male,Indonesia,2016-04-27,90,2.67
184,Female,Cameroon,2015-11-20,52,0.45
185,Female,Croatia,2016-06-07,71,8.8
186,Male,Madagascar,2016-08-03,45,1.06
187,Male,Denmark,2016-06-26,54,7.9
188,Female,Russia,2015-10-29,10,0.2.2
189,Male,Argentina,2015-12-10,47,0.34
190,Male,South Korea,2016-08-25,66,0.74
191,Male,Philippines,2016-08-16,32,5.63
192,Female,France,2015-09-13,61,8.8
193,Male,Poland,2016-01-20,91,2.5
194,Female,Peru,2016-01-12,40,4.5.7
195,Male,China,2015-09-13,61,2.3.1
196,Male,Sweden,2016-01-16,74,1.9.4
197,Female,United States,2016-05-11,80,3.3.0
198,Male,China,2015-09-21,52,1.42
199,Female,China,2016-01-16,38,8.9.2
200,Female,Poland,2016-09-02,55,2.7
201,Male,Mexico,2015-10-26,84,0.89
202,Male,Peru,2016-06-24,91,4.1
203,Female,Sweden,2016-05-20,20,7.9.6
204,Male,Guatemala,2016-08-18,85,0.70
205,Male,Armenia,2016-06-07,39,5.2
206,Male,Brazil,2016-04-11,67,0.3.3
207,Male,Indonesia,2015-10-31,89,5.49
208,Male,Serbia,2016-08-04,32,2.78
209,Female,Russia,2016-02-06,1,0.7.1
210,Male,Portugal,2015-12-09,58,0.1.3
211,Male,China,2016-05-27,61,0.3.1
212,Male,Albania,2016-01-16,61,3.99
213,Female,Australia,2016-04-19,65,0.84
214,Male,Ukraine,2016-04-14,80,0.7.1
215,Male,China,2015-09-30,81,0.5.0
216,Male,Uruguay,2016-02-14,39,7.6
217,Male,Ukraine,2015-11-29,18,5.6
218,Male,Burkina Faso,2016-08-29,90,0.60
219,Female,Philippines,2016-02-08,77,3.27
220,Male,Uzbekistan,2015-12-31,18,7.19
221,Female,Philippines,2015-11-26,72,3.8.4
222,Male,Latvia,2015-09-28,61,0.8.3
223,Female,Canada,2016-08-16,48,2.7.0
224,Male,Montserrat,2016-04-23,96,8.8
225,Male,Russia,2015-09-26,39,0.67
226,Female,Croatia,2016-02-04,34,0.97
227,Female,Laos,2016-04-06,81,6.4.4
228,Female,Russia,2015-12-30,90,5.9.7
229,Female,China,2016-02-04,79,0.81
230,Male,Japan,2016-06-15,60,3.9.6
231,Male,China,2015-12-04,10,0.17
232,Male,Russia,2015-10-20,65,8.59
233,Female,Poland,2016-05-21,98,8.2.2
234,Female,Philippines,2016-03-25,54,1.7.3
235,Male,Trinidad and Tobago,2015-10-17,2,3.3
236,Male,Sweden,2015-09-16,2,0.73
237,Male,Poland,2015-11-02,30,3.04
238,Male,China,2016-01-04,61,2.05
239,Male,Russia,2016-01-29,83,6.97
240,Female,Czech Republic,2015-12-31,48,9.7
241,Male,Indonesia,2016-01-04,70,2.65
242,Female,Syria,2016-02-20,100,9.6.9
243,Male,China,2016-07-28,46,3.8
244,Male,Ethiopia,2016-03-13,80,8.8.5
245,Female,Russia,2015-10-23,86,0.54
246,Female,Japan,2015-12-05,78,9.7.2
247,Male,Canada,2016-08-06,40,0.3.8
248,Female,Argentina,2015-09-20,69,0.8.9
249,Female,Sweden,2016-07-25,64,2.5
250,Female,Croatia,2016-04-04,97,2.82
251,Male,Czech Republic,2016-07-19,29,8.8.8
252,Male,Czech Republic,2016-05-31,99,0.60
253,Female,Russia,2016-03-06,93,0.8.1
254,Female,Japan,2015-10-15,63,1.3
255,Male,Brazil,2015-10-17,5,9.30
256,Male,China,2015-10-25,8,0.41
257,Male,Malaysia,2016-01-01,45,0.2.1
258,Male,Vietnam,2016-07-21,49,3.5.1
259,Male,Palestinian Territory,2016-03-15,46,0.61
260,Female,Kenya,2016-07-13,82,8.08
261,Female,Russia,2015-11-24,43,0.80
262,Female,Thailand,2015-11-21,94,0.6.6
263,Male,Pakistan,2016-03-20,37,8.4.8
264,Male,Dominican Republic,2016-06-24,63,6.96
265,Female,Malaysia,2016-03-19,35,0.10
266,Female,China,2015-12-04,19,2.3.4
267,Female,Russia,2015-09-12,31,0.78
268,Male,Portugal,2015-11-01,19,0.85
269,Male,Russia,2015-12-09,35,6.2
270,Female,Indonesia,2015-11-24,17,0.48
271,Female,Indonesia,2016-04-26,98,0.47
272,Female,Brazil,2016-05-09,86,7.90
273,Female,Uruguay,2016-08-26,56,5.1
274,Male,Costa Rica,2016-03-05,36,0.5.3
275,Male,Saudi Arabia,2016-04-02,40,7.45
276,Female,China,2016-03-07,55,4.6
277,Female,France,2016-01-18,11,4.90
278,Female,Indonesia,2015-09-18,73,8.50
279,Female,Vietnam,2016-06-03,64,1.3
280,Female,Japan,2016-08-12,22,9.9.0
281,Female,Nigeria,2016-09-01,47,1.7
282,Female,France,2016-04-13,57,0.3.7
283,Male,Philippines,2015-12-12,92,0.8.5
284,Male,Ireland,2016-03-10,60,0.33
285,Female,Russia,2015-10-29,65,0.4.9
286,Female,Cambodia,2016-03-27,28,0.8.4
287,Male,France,2015-12-13,34,0.70
288,Male,China,2016-01-10,56,6.9.6
289,Female,Philippines,2016-04-14,22,0.69
290,Female,Panama,2016-08-14,59,9.4.0
291,Male,Portugal,2015-10-18,99,0.4.9
292,Male,China,2015-10-05,31,0.75
293,Male,Poland,2016-05-24,36,8.8
294,Female,Peru,2016-05-05,38,2.05
295,Female,United States,2016-01-17,64,0.3.9
296,Female,Sweden,2016-07-15,67,0.3.2
297,Male,Paraguay,2015-12-09,81,0.4.2
298,Female,Bosnia and Herzegovina,2015-09-15,61,0.34
299,Male,Greece,2015-10-10,59,7.4.9
300,Female,Philippines,2015-12-23,96,4.84
301,Male,Argentina,2016-04-18,46,4.99
302,Female,Indonesia,2015-10-30,21,8.95
303,Female,Ukraine,2016-09-04,26,0.1.0
304,Male,Venezuela,2015-11-05,80,0.76
305,Male,United States,2016-09-06,33,0.47
306,Male,China,2016-05-20,33,3.92
307,Female,Thailand,2015-12-31,68,0.7.5
308,Female,Myanmar,2015-10-17,82,8.5.8
309,Male,Israel,2015-11-14,7,3.31
310,Female,United States,2016-02-28,51,0.65
311,Male,Marshall Islands,2016-01-06,56,0.6.6
312,Female,Colombia,2015-09-21,97,5.9.0
313,Male,Brazil,2016-01-29,35,1.8.0
314,Male,Portugal,2016-08-20,56,2.7
315,Male,Philippines,2016-08-10,11,0.61
316,Male,Palestinian Territory,2016-07-26,67,4.05
317,Male,China,2016-03-17,37,5.9.6
318,Female,Russia,2016-06-07,90,3.9
319,Male,Greece,2016-02-20,45,0.5.6
320,Male,Mexico,2016-06-14,30,4.31
321,Female,Iran,2016-07-03,36,0.85
322,Male,Equatorial Guinea,2016-07-10,82,0.4.8
323,Male,Poland,2016-06-27,43,3.65
324,Male,China,2016-07-20,34,8.3
325,Male,China,2016-08-08,3,0.36
326,Female,China,2016-05-23,85,0.57
327,Male,Sweden,2016-02-11,84,0.55
328,Male,Tunisia,2016-08-07,95,4.85
329,Female,Philippines,2016-06-30,10,0.15
330,Male,Colombia,2016-06-08,5,0.1.6
331,Female,China,2015-10-16,21,0.1.8
332,Male,Wallis and Futuna,2015-10-22,90,2.1.2
333,Male,Portugal,2016-09-04,64,8.5.5
334,Female,China,2016-05-07,32,5.1
335,Male,China,2016-09-02,43,0.4.9
336,Male,Argentina,2016-08-25,94,1.88
337,Female,Portugal,2016-06-25,52,9.2
338,Male,China,2016-08-12,6,7.7.0
339,Female,China,2016-03-03,52,0.9.4
340,Female,Chile,2016-04-21,5,0.2.5
341,Male,China,2016-03-12,14,4.2
342,Male,Brazil,2016-04-14,80,0.2.8
343,Female,Russia,2016-09-05,13,0.6.4
344,Female,Greece,2016-01-18,21,0.50
345,Female,Mexico,2016-04-02,83,1.2.7
346,Male,Indonesia,2016-01-04,82,8.62
347,Male,China,2016-07-01,34,2.9.1
348,Male,Peru,2015-09-28,91,9.4.1
349,Male,Costa Rica,2016-08-22,10,0.86
350,Male,Japan,2016-02-07,52,2.3
351,Female,China,2015-10-03,89,0.9.1
352,Male,China,2016-09-06,45,0.9.0
353,Male,Tajikistan,2016-04-14,31,5.3.9
354,Female,China,2016-05-08,78,0.72
355,Female,China,2016-02-29,32,0.48
356,Female,France,2016-03-10,98,3.3.2
357,Male,China,2016-05-18,97,5.76
358,Female,Myanmar,2016-06-27,43,5.22
359,Female,Ecuador,2016-02-17,85,0.9.6
360,Male,China,2016-03-28,71,0.80
361,Female,Mexico,2016-07-08,54,0.1.8
362,Female,China,2016-08-22,6,0.83
363,Female,Indonesia,2015-10-02,15,8.9
364,Female,Belarus,2015-10-12,68,0.8.8
365,Female,France,2015-12-29,14,2.7
366,Female,Indonesia,2015-09-19,50,7.2.5
367,Male,Indonesia,2016-03-19,20,8.05
368,Female,China,2016-06-18,28,3.7
369,Female,Bolivia,2016-08-18,19,5.9.7
370,Male,France,2016-08-30,39,7.1.4
371,Female,China,2015-11-07,73,5.4
372,Male,Philippines,2015-10-31,43,9.3
373,Male,China,2016-02-23,90,1.03
374,Female,Portugal,2016-05-18,63,0.2.5
375,Male,China,2015-12-27,63,7.5
376,Male,Czech Republic,2016-02-29,46,9.8
377,Male,Greece,2015-10-16,87,0.67
378,Male,France,2015-11-22,84,0.2.9
379,Male,Uganda,2016-08-24,86,0.3.7
380,Female,China,2016-05-11,28,0.31
381,Male,Republic of the Congo,2016-08-15,17,0.4.6
382,Female,Brazil,2016-03-24,93,6.9.7
383,Female,Honduras,2016-03-02,6,8.01
384,Male,Russia,2016-04-12,92,7.7.0
385,Female,Nigeria,2016-04-28,33,4.15
386,Male,Indonesia,2016-06-22,37,7.9.3
387,Male,Sweden,2015-09-14,53,0.93
388,Male,Venezuela,2015-09-13,38,8.65
389,Female,Chile,2016-02-17,69,3.71
390,Male,Philippines,2016-09-09,48,5.5
391,Male,Indonesia,2015-12-08,93,7.5
392,Male,Thailand,2016-01-27,90,8.48
393,Female,Russia,2015-09-23,65,0.67
394,Female,Vietnam,2016-07-20,65,5.94
395,Male,France,2016-02-15,48,0.2.7
396,Male,China,2016-06-12,20,6.4
397,Female,Spain,2016-05-21,19,0.26
398,Male,New Caledonia,2016-07-20,73,9.9.0
399,Male,Zambia,2015-10-26,89,1.9
400,Female,China,2016-04-13,67,0.44
401,Male,Mexico,2016-02-29,92,7.0.6
402,Male,China,2016-05-05,88,7.9.5
403,Male,Lithuania,2016-03-19,84,0.5.4
404,Male,Vietnam,2016-04-24,20,0.1.5
405,Female,Pakistan,2016-05-19,75,0.13
406,Male,Ukraine,2016-07-11,94,0.42
407,Female,Sweden,2016-07-17,31,0.9.4
408,Male,Comoros,2016-03-17,70,0.78
409,Male,China,2016-08-31,50,0.7.5
410,Female,Philippines,2016-04-13,65,5.1
411,Female,Zimbabwe,2016-06-17,94,9.12
412,Female,China,2016-04-20,18,7.72
413,Female,Indonesia,2015-10-13,12,0.94
414,Male,Indonesia,2015-10-28,28,5.4
415,Female,Russia,2016-04-26,62,3.9
416,Male,Guatemala,2016-02-06,72,6.0
417,Female,Indonesia,2015-09-29,99,3.59
418,Female,Poland,2016-05-16,36,6.1
419,Female,Thailand,2016-07-14,35,8.90
420,Female,China,2015-11-19,23,0.72
421,Male,Yemen,2016-08-26,50,6.61
422,Male,Mexico,2016-04-10,29,0.11
423,Male,Honduras,2015-10-05,56,4.0.9
424,Female,China,2016-03-04,91,3.8
425,Male,Poland,2015-11-27,39,0.1.8
426,Female,Poland,2015-12-02,31,7.08
427,Male,Guatemala,2016-09-06,25,1.50
428,Female,China,2016-09-05,41,5.4.2
429,Male,Russia,2015-10-14,22,1.9
430,Female,Yemen,2015-10-21,72,0.3.1
431,Male,Indonesia,2016-04-09,49,0.7.8
432,Female,Philippines,2016-07-16,41,0.37
433,Male,Bosnia and Herzegovina,2015-09-21,43,1.7
434,Female,Brazil,2016-04-23,47,0.7.4
435,Female,Argentina,2016-06-18,19,8.3
436,Male,Indonesia,2016-05-18,16,0.7.0
437,Female,Argentina,2016-07-04,57,1.2.3
438,Male,Afghanistan,2016-05-05,71,4.5.8
439,Female,Brazil,2015-09-26,37,1.73
440,Female,France,2015-12-18,56,6.3
441,Female,Sweden,2015-10-13,4,0.9.9
442,Male,Honduras,2016-06-26,29,0.9.8
443,Male,France,2015-12-19,36,0.4.8
444,Male,Indonesia,2016-06-08,85,7.0
445,Female,Indonesia,2016-08-11,100,4.1.0
446,Male,Iraq,2016-09-03,97,0.2.1
447,Female,Indonesia,2016-06-19,68,3.3.6
448,Male,Argentina,2016-01-23,18,7.5.2
449,Male,Russia,2015-11-13,90,6.7.8
450,Male,Haiti,2015-09-15,64,3.2
451,Female,Indonesia,2016-06-24,39,0.1.5
452,Female,Pakistan,2016-02-04,29,5.5.5
453,Female,Indonesia,2015-10-18,46,2.9
454,Female,United States,2016-07-07,96,0.2.9
455,Female,China,2016-06-26,48,8.03
456,Male,Thailand,2015-12-19,10,6.7
457,Male,China,2015-12-28,34,0.28
458,Female,Portugal,2016-01-25,67,0.2.5
459,Female,Uganda,2016-07-30,85,6.7
460,Female,Guinea,2015-10-13,1,2.9
461,Male,Japan,2015-10-25,55,0.6.7
462,Female,Costa Rica,2015-10-23,48,1.6
463,Male,China,2016-06-23,45,2.6.4
464,Male,China,2016-02-13,73,7.6.6
465,Female,Portugal,2016-01-17,21,9.00
466,Female,Poland,2016-02-20,16,0.25
467,Female,Russia,2015-11-15,17,9.8.3
468,Male,Thailand,2016-04-05,52,2.4.2
469,Male,Portugal,2016-05-28,59,8.8
470,Male,Brazil,2016-02-14,28,8.95
471,Male,Canada,2016-07-22,45,7.88
472,Female,Russia,2016-07-14,3,5.1.5
473,Male,Malaysia,2016-04-29,92,0.49
474,Male,China,2016-03-07,48,2.7.2
475,Male,Russia,2016-08-09,38,2.1.0
476,Male,Indonesia,2016-08-08,92,0.58
477,Male,United States,2015-11-21,22,5.4
478,Male,Russia,2016-06-17,88,8.56
479,Male,Indonesia,2016-03-27,67,5.85
480,Male,Indonesia,2016-05-13,25,5.4
481,Male,Poland,2016-01-31,8,8.2
482,Male,Brazil,2016-04-12,43,4.4
483,Male,Afghanistan,2015-11-08,79,0.14
484,Female,Indonesia,2016-08-11,41,4.8
485,Female,Indonesia,2016-06-08,14,0.97
486,Male,Greece,2016-06-28,33,9.9.7
487,Male,China,2015-09-15,11,0.2.7
488,Female,Poland,2016-02-07,69,6.2
489,Female,China,2015-09-15,91,4.2
490,Female,Russia,2016-09-05,6,0.31
491,Female,Poland,2015-10-30,69,0.7.6
492,Female,China,2016-05-17,47,0.4.0
493,Female,China,2015-11-14,72,0.67
494,Male,China,2016-08-14,20,0.20
495,Male,Philippines,2016-01-10,19,3.0
496,Male,France,2015-11-10,44,0.3.4
497,Male,Indonesia,2015-11-02,63,0.8.4
498,Male,Palestinian Territory,2016-09-03,12,5.19
499,Male,China,2016-01-06,79,0.86
500,Female,Nigeria,2015-10-03,47,5.6.2
501,Female,Poland,2016-08-12,41,0.19
502,Female,Honduras,2015-12-22,11,0.91
503,Female,China,2015-10-15,10,0.1.7
504,Male,Colombia,2016-04-13,77,0.28
505,Female,China,2016-01-24,45,3.2.4
506,Male,Nigeria,2016-06-30,40,8.37
507,Female,Senegal,2015-10-19,77,0.46
508,Female,Ivory Coast,2015-12-25,73,0.9.5
509,Female,Indonesia,2016-01-17,39,9.5
510,Male,China,2015-11-07,12,4.0
511,Male,Germany,2016-07-29,54,0.51
512,Female,China,2016-03-31,65,0.76
513,Male,United States,2015-11-16,25,5.44
514,Male,Peru,2016-06-30,87,8.07
515,Male,Brazil,2016-08-31,93,8.50
516,Male,Sweden,2016-05-23,68,4.8
517,Female,Japan,2016-04-03,71,0.76
518,Male,Mexico,2016-08-27,48,9.3
519,Female,China,2015-11-14,60,9.4
520,Male,China,2015-11-09,46,0.4.8
521,Female,Russia,2015-09-21,51,9.0.7
522,Male,Indonesia,2016-01-29,40,6.19
523,Female,Vietnam,2016-02-05,74,0.85
524,Male,Brazil,2015-10-11,45,9.9
525,Male,China,2016-08-05,77,5.4
526,Female,China,2016-07-06,38,4.8.8
527,Male,Portugal,2016-08-31,92,0.9.2
528,Female,Cuba,2016-09-04,35,7.6.4
529,Female,Philippines,2016-02-29,13,2.6
530,Male,Poland,2016-04-27,29,5.6.9
531,Female,Indonesia,2015-09-16,17,1.5.4
532,Male,China,2016-07-18,2,1.0.4
533,Male,Indonesia,2016-09-03,40,0.1.4
534,Female,Mexico,2015-10-20,93,4.8.5
535,Male,China,2016-05-19,78,5.4.5
536,Male,Estonia,2016-01-24,2,1.2
537,Female,Czech Republic,2016-08-12,15,0.54
538,Male,China,2016-05-03,54,0.4.8
539,Female,China,2015-09-18,76,0.22
540,Female,Philippines,2016-07-13,43,9.0
541,Male,Portugal,2015-10-09,31,7.6.5
542,Female,Malta,2015-12-06,30,9.3
543,Female,China,2015-12-28,35,8.75
544,Male,Indonesia,2016-02-19,78,6.5
545,Female,Saudi Arabia,2016-04-30,5,0.9.3
546,Female,Russia,2016-07-16,74,6.9.4
547,Male,Indonesia,2016-02-12,28,0.63
548,Male,Peru,2016-01-25,91,6.8.3
549,Male,Indonesia,2016-09-01,54,7.31
550,Female,Philippines,2016-02-26,54,5.6.0
551,Male,Brazil,2016-02-22,20,9.04
552,Male,China,2016-01-18,71,2.2.1
553,Male,Burkina Faso,2015-11-25,73,5.1
554,Female,China,2016-07-05,36,1.33
555,Male,Sweden,2016-07-30,38,5.3
556,Male,Panama,2015-10-06,46,0.9.7
557,Male,Poland,2016-05-14,27,0.5.3
558,Female,Philippines,2015-10-23,78,3.33
559,Female,Nicaragua,2015-11-14,8,5.38
560,Female,Bhutan,2016-03-05,93,8.3.1
561,Male,Thailand,2015-09-28,54,0.21
562,Male,Japan,2016-02-01,2,0.3.1
563,Male,Tanzania,2016-05-22,14,2.6
564,Female,Mexico,2016-04-03,62,3.2.0
565,Female,China,2016-03-10,47,0.8.1
566,Male,Indonesia,2016-06-13,26,1.58
567,Female,Indonesia,2016-07-21,60,0.39
568,Male,China,2016-08-28,48,8.0
569,Male,United States,2016-08-17,64,8.6
570,Male,Gambia,2016-02-16,67,4.4
571,Male,Sweden,2016-04-03,94,0.14
572,Male,Mexico,2016-02-27,84,2.78
573,Male,Kazakhstan,2016-04-26,8,0.3.8
574,Female,Guatemala,2015-12-12,56,0.1.6
575,Male,Sri Lanka,2016-03-23,64,0.23
576,Male,Nepal,2016-06-16,71,0.88
577,Male,United States,2016-02-10,50,5.4.4
578,Male,Brazil,2015-12-26,38,8.9
579,Female,Portugal,2016-02-18,91,4.73
580,Male,Czech Republic,2016-05-04,29,0.9.8
581,Female,Russia,2016-06-23,27,3.51
582,Male,Philippines,2016-01-30,35,3.6.6
583,Male,Indonesia,2015-12-20,70,0.4.4
584,Female,China,2016-03-23,87,9.98
585,Female,Nicaragua,2016-02-05,31,0.7.7
586,Male,Panama,2016-06-21,14,4.6.2
587,Male,Canada,2016-03-14,81,4.6.0
588,Female,Cameroon,2016-03-12,95,2.9
589,Male,Indonesia,2015-12-12,50,8.4.1
590,Female,China,2016-09-06,54,9.02
591,Male,Poland,2016-07-24,83,4.0.1
592,Female,Latvia,2016-07-11,4,0.8.1
593,Male,Brazil,2016-08-27,67,0.9.6
594,Female,Armenia,2016-02-13,52,0.43
595,Male,Poland,2016-03-01,89,3.7.4
596,Male,Indonesia,2015-10-31,46,9.95
597,Male,Indonesia,2015-11-15,65,0.8.2
598,Male,Belgium,2015-10-01,18,3.6.7
599,Male,Thailand,2016-08-05,43,2.05
600,Male,El Salvador,2016-06-18,44,6.74
601,Male,China,2016-08-28,55,9.1.8
602,Female,China,2016-03-22,71,0.5.7
603,Female,China,2015-11-14,69,8.8.3
604,Male,Ukraine,2015-11-22,80,5.3
605,Male,China,2016-09-03,40,0.86
606,Female,Portugal,2016-06-03,30,7.22
607,Male,Brazil,2016-05-08,80,3.16
608,Female,Philippines,2016-07-11,54,6.19
609,Female,Indonesia,2016-05-14,6,6.26
610,Female,North Korea,2015-10-03,34,0.6.7
611,Male,Finland,2016-01-18,24,0.1.4
612,Female,Brazil,2016-06-08,12,1.3.5
613,Female,China,2016-04-23,47,0.7.0
614,Female,Sweden,2016-04-27,100,8.3
615,Female,Albania,2016-01-06,72,0.52
616,Male,Sweden,2015-11-24,74,3.36
617,Male,China,2015-12-18,82,0.77
618,Male,Indonesia,2015-11-05,98,6.9.0
619,Male,France,2016-04-15,20,0.74
620,Male,Thailand,2016-08-20,86,3.88
621,Male,China,2016-02-27,25,0.5.3
622,Female,China,2015-10-03,58,0.23
623,Female,Indonesia,2016-01-08,67,0.4.2
624,Male,Kiribati,2016-01-27,85,0.8.3
625,Female,Poland,2016-01-22,26,5.90
626,Male,Russia,2015-11-26,40,0.8.1
627,Female,United States,2016-01-01,7,2.3.9
628,Male,Guatemala,2015-10-10,72,0.8.2
629,Female,Costa Rica,2016-09-04,1,6.8.0
630,Female,Switzerland,2016-02-24,95,0.43
631,Male,Portugal,2015-11-26,2,1.8
632,Male,Colombia,2016-03-17,80,0.2.2
633,Male,Thailand,2016-01-16,3,0.81
634,Female,Saudi Arabia,2015-09-15,39,0.5.0
635,Male,Nigeria,2015-09-13,81,0.4.3
636,Male,Japan,2016-05-03,4,3.2
637,Male,Canada,2016-04-07,45,0.55
638,Male,Russia,2016-06-04,10,0.48
639,Male,Brazil,2016-04-16,56,0.78
640,Female,China,2016-05-16,11,1.3
641,Female,China,2016-06-12,74,6.8.8
642,Male,Costa Rica,2016-02-11,48,7.99
643,Male,Denmark,2016-06-23,36,5.89
644,Male,China,2015-10-22,4,7.9
645,Male,Japan,2016-05-21,98,5.4
646,Male,Finland,2016-03-24,59,5.1.0
647,Male,Finland,2016-01-16,23,0.28
648,Female,Philippines,2016-05-26,86,9.6
649,Female,Argentina,2016-07-14,100,0.9.9
650,Male,Malaysia,2015-10-12,7,4.3.5
651,Female,China,2015-09-24,60,3.2
652,Female,China,2016-03-19,98,4.3.5
653,Female,Poland,2016-01-22,57,3.5
654,Female,Germany,2015-11-10,56,0.3.1
655,Female,Venezuela,2016-01-22,95,7.3.5
656,Male,Armenia,2015-12-03,59,7.82
657,Male,Iran,2016-08-04,35,0.56
658,Female,Indonesia,2015-10-27,20,5.93
659,Female,Honduras,2016-01-06,9,0.1.3
660,Female,China,2016-03-28,70,0.2.0
661,Male,Brazil,2016-03-13,45,4.0
662,Male,Luxembourg,2015-10-11,78,1.53
663,Female,China,2015-10-15,57,8.1.8
664,Female,Colombia,2016-08-10,54,1.2
665,Male,Philippines,2015-11-08,80,7.55
666,Male,Moldova,2016-03-09,76,9.3
667,Male,Palestinian Territory,2015-09-13,15,0.62
668,Male,Philippines,2016-01-23,4,0.6.5
669,Female,China,2016-02-13,42,3.84
670,Male,Czech Republic,2015-10-23,96,6.81
671,Male,Bolivia,2015-09-21,67,6.5.7
672,Female,Albania,2015-10-24,36,0.90
673,Female,Japan,2016-03-09,87,2.6
674,Male,Indonesia,2016-07-19,65,0.4.0
675,Male,Tajikistan,2016-04-30,29,3.5
676,Female,Slovenia,2016-02-10,10,6.71
677,Male,Bulgaria,2015-11-13,7,9.46
678,Female,China,2016-01-31,75,0.38
679,Female,Dominican Republic,2016-07-30,73,1.27
680,Male,Thailand,2016-07-24,34,7.06
681,Female,China,2015-09-11,46,1.6
682,Male,China,2016-06-09,93,0.5.9
683,Female,Bulgaria,2016-04-23,93,4.3
684,Male,China,2016-03-03,79,7.7.7
685,Female,Sweden,2015-10-16,53,8.9.5
686,Male,Argentina,2016-01-17,11,0.36
687,Male,Kazakhstan,2016-04-04,1,8.73
688,Female,Czech Republic,2015-11-19,9,7.8.0
689,Male,Bangladesh,2016-07-17,100,0.5.0
690,Male,Philippines,2016-02-06,53,0.8.3
691,Female,Morocco,2016-01-06,14,0.29
692,Female,Philippines,2016-02-26,24,0.7.4
693,Male,Tonga,2015-12-15,89,0.1.3
694,Male,Brazil,2016-05-05,84,8.9
695,Female,Russia,2016-04-13,46,9.2
696,Female,Indonesia,2015-11-08,68,3.8
697,Female,China,2016-04-04,31,2.3
698,Female,Dominican Republic,2016-08-08,25,6.7.7
699,Male,China,2016-05-05,69,0.72
700,Male,United States,2016-03-23,79,4.77
701,Female,Cyprus,2015-11-03,50,2.9
702,Female,Iraq,2015-11-06,55,0.4.7
703,Female,Palestinian Territory,2016-05-24,17,5.12
704,Female,Poland,2015-10-10,30,6.8.4
705,Female,Philippines,2015-11-22,34,0.2.8
706,Female,Indonesia,2016-08-06,62,0.17
707,Female,Indonesia,2016-03-05,24,3.52
708,Male,Argentina,2016-04-12,60,0.26
709,Female,Canada,2016-07-10,93,1.5.0
710,Female,Portugal,2016-07-11,17,2.8
711,Male,Cameroon,2015-10-07,89,9.4
712,Female,Russia,2016-07-30,83,0.1.7
713,Male,Spain,2016-07-04,80,3.0.1
714,Male,Maldives,2015-09-13,89,6.8
715,Male,Czech Republic,2016-03-25,15,7.2.2
716,Male,Argentina,2016-04-07,61,0.4.6
717,Female,Israel,2016-03-07,15,0.8.9
718,Male,Russia,2016-07-08,86,9.71
719,Female,Indonesia,2016-04-06,9,8.1.5
720,Male,Philippines,2016-01-02,53,1.1.2
721,Female,Mongolia,2015-10-22,73,0.1.9
722,Male,Ukraine,2016-06-21,5,2.1.6
723,Male,Mexico,2016-05-17,10,6.1.7
724,Female,Georgia,2016-05-24,82,3.8.4
725,Male,Philippines,2015-11-29,52,5.5.2
726,Male,China,2016-08-27,41,0.3.3
727,Male,Kenya,2016-01-11,98,9.7.3
728,Female,Canada,2016-05-24,21,8.75
729,Female,Poland,2016-04-15,26,9.1.1
730,Female,Armenia,2016-04-02,60,0.22
731,Female,Portugal,2016-08-13,88,1.7.8
732,Female,United Kingdom,2015-11-19,66,1.8
733,Male,China,2016-01-01,6,0.6.9
734,Male,France,2016-01-11,7,0.7.1
735,Male,South Korea,2016-08-21,34,4.9
736,Male,Portugal,2015-12-14,59,0.1.9
737,Female,Peru,2016-06-30,68,5.8.9
738,Male,China,2016-05-01,1,0.5.3
739,Male,Czech Republic,2015-12-21,48,2.1
740,Male,Albania,2016-08-04,72,0.2.6
741,Female,Brazil,2016-06-21,30,2.82
742,Male,China,2016-03-26,54,2.2.9
743,Female,China,2016-02-25,54,0.19
744,Female,China,2015-12-08,54,7.60
745,Male,Thailand,2015-09-13,5,0.7.4
746,Male,Brazil,2016-04-06,23,0.33
747,Female,Indonesia,2016-07-26,28,0.85
748,Male,France,2015-10-06,34,8.18
749,Male,China,2016-06-03,12,5.5
750,Female,Brazil,2016-08-07,51,5.0
751,Male,Poland,2016-07-08,6,0.9.7
752,Male,United States,2016-06-08,41,0.6.0
753,Male,Norway,2016-01-14,14,0.1.5
754,Male,Indonesia,2016-03-21,6,1.6.2
755,Female,France,2016-01-12,89,5.9.4
756,Male,Colombia,2016-04-29,59,0.2.2
757,Male,Bulgaria,2015-11-14,19,0.29
758,Female,Malaysia,2016-03-24,72,1.9.3
759,Male,Rwanda,2016-08-08,60,8.8
760,Female,Morocco,2016-06-18,2,7.7.0
761,Male,Chile,2015-10-16,96,8.96
762,Male,China,2015-12-13,15,8.6.5
763,Female,Sweden,2015-10-28,41,0.12
764,Female,Philippines,2016-07-22,59,6.8.6
765,Female,Portugal,2016-01-25,20,0.40
766,Female,Brazil,2016-06-18,63,5.0.4
767,Female,China,2016-08-12,77,3.74
768,Male,Greece,2016-02-28,54,5.9.9
769,Male,Portugal,2016-03-27,51,0.25
770,Male,China,2015-12-16,34,6.4.5
771,Male,Russia,2016-02-03,39,9.8.1
772,Female,Norway,2016-08-31,65,0.1.3
773,Male,China,2016-07-20,14,3.8
774,Female,Montenegro,2015-10-11,77,0.1.1
775,Male,Indonesia,2015-09-30,17,5.77
776,Female,China,2015-12-30,68,0.14
777,Female,Indonesia,2016-04-02,74,6.8
778,Female,China,2016-05-12,94,1.93
779,Male,Germany,2016-01-26,25,8.7
780,Male,Philippines,2015-10-01,5,2.1.0
781,Male,Poland,2016-05-12,67,0.4.9
782,Female,Sierra Leone,2016-07-10,77,0.4.3
783,Male,Vietnam,2016-08-13,32,9.9
784,Male,Portugal,2016-05-30,10,1.6
785,Male,China,2015-11-12,49,1.5.5
786,Male,Mali,2015-09-23,98,5.6.2
787,Male,Japan,2015-11-11,48,3.1.4
788,Female,Philippines,2015-11-19,78,0.14
789,Male,Colombia,2015-10-06,5,0.9.6
790,Male,Brazil,2016-08-18,76,7.4
791,Male,Mexico,2015-12-10,88,0.6.5
792,Female,Indonesia,2016-06-10,24,7.08
793,Male,Nicaragua,2016-03-26,44,7.0
794,Male,China,2015-11-21,32,0.83
795,Female,Niger,2016-05-16,79,7.47
796,Female,Philippines,2015-09-17,8,0.8.0
797,Male,Sierra Leone,2016-07-28,70,6.9.8
798,Male,Russia,2016-05-25,62,0.94
799,Female,China,2016-01-16,29,6.46
800,Male,Portugal,2016-01-25,27,2.13
801,Female,Turks and Caicos Islands,2016-04-05,74,4.7.1
802,Female,Philippines,2015-10-16,5,0.7.5
803,Male,United States,2015-12-09,1,9.2.1
804,Female,Portugal,2016-07-24,11,7.7.8
805,Male,Poland,2016-01-09,19,3.7.9
806,Male,Spain,2016-07-23,60,0.6.6
807,Male,United Kingdom,2015-12-13,58,1.85
808,Male,Philippines,2016-05-06,19,5.5.3
809,Male,Sweden,2016-05-09,2,0.16
810,Female,Portugal,2016-03-22,72,8.8.2
811,Male,China,2015-11-07,82,0.6.6
812,Female,Cameroon,2016-08-24,63,0.7.6
813,Male,China,2016-08-12,50,4.8.5
814,Female,China,2016-08-11,64,0.20
815,Male,China,2015-11-11,65,6.01
816,Female,United States,2015-12-29,77,0.55
817,Female,Serbia,2015-11-30,57,1.1
818,Female,China,2016-08-06,78,0.1.7
819,Male,Indonesia,2015-12-29,85,8.40
820,Male,Azerbaijan,2016-07-02,68,5.50
821,Male,Egypt,2016-02-11,89,0.80
822,Male,Philippines,2016-02-12,62,0.12
823,Male,Thailand,2015-10-11,49,6.7
824,Female,Russia,2016-03-20,90,2.95
825,Male,Portugal,2016-06-06,14,6.89
826,Female,China,2016-07-21,98,1.54
827,Male,China,2016-02-18,57,2.78
828,Male,Philippines,2015-11-20,41,6.82
829,Female,Indonesia,2016-05-13,75,3.30
830,Female,Colombia,2016-09-05,68,1.3.4
831,Male,Luxembourg,2016-07-22,56,0.83
832,Female,France,2016-01-27,78,0.45
833,Female,Portugal,2016-05-18,1,0.9.0
834,Female,Czech Republic,2016-01-02,37,0.2.1
835,Male,Poland,2015-12-31,66,3.22
836,Male,China,2016-09-05,61,0.59
837,Female,Madagascar,2015-12-27,30,7.0
838,Female,Peru,2016-06-11,93,2.0
839,Female,Portugal,2015-12-17,20,0.2.6
840,Female,Russia,2016-06-12,88,0.26
841,Female,China,2016-04-01,99,4.33
842,Male,Armenia,2016-04-09,100,0.56
843,Female,Armenia,2016-03-19,23,0.23
844,Female,Portugal,2016-01-13,51,8.97
845,Male,France,2016-08-18,44,2.5.5
846,Female,China,2016-05-10,55,0.2.2
847,Male,China,2015-11-20,13,0.2.3
848,Male,France,2015-11-22,36,3.3
849,Male,China,2015-09-14,81,7.6.5
850,Male,Jordan,2016-02-23,56,0.67
851,Female,Sudan,2015-10-27,25,2.77
852,Female,China,2015-11-29,65,6.7.9
853,Male,Indonesia,2016-02-12,75,5.4.4
854,Female,Venezuela,2016-04-01,3,3.1.6
855,Male,China,2016-05-30,56,6.0.0
856,Female,Nicaragua,2015-10-14,71,2.70
857,Male,Japan,2016-01-24,92,0.7.9
858,Male,China,2016-05-18,18,0.49
859,Female,France,2016-08-19,33,5.0
860,Male,Philippines,2016-03-26,4,0.81
861,Male,Portugal,2015-10-26,95,9.6
862,Female,Iran,2015-12-22,90,0.8.2
863,Male,United States,2016-07-14,34,0.7.0
864,Female,China,2015-10-03,51,6.19
865,Male,Poland,2016-04-21,48,0.26
866,Female,Indonesia,2016-04-03,92,7.4.1
867,Female,France,2016-06-28,86,0.13
868,Female,Ireland,2016-06-02,18,0.43
869,Female,Russia,2016-01-04,42,5.74
870,Female,Greece,2016-09-09,84,2.6
871,Male,Ukraine,2016-08-22,75,8.71
872,Female,Malaysia,2016-06-30,18,0.1.4
873,Male,Japan,2016-04-14,90,9.5.6
874,Male,Brazil,2016-05-09,53,6.5
875,Male,China,2016-07-07,73,0.2.7
876,Female,Argentina,2016-07-11,13,0.50
877,Male,Indonesia,2015-12-02,12,5.34
878,Female,China,2016-03-03,90,0.1.2
879,Male,Brazil,2016-05-07,52,7.13
880,Female,Czech Republic,2015-11-11,47,1.9
881,Male,Greece,2015-10-05,65,0.6.4
882,Male,China,2015-09-29,36,0.55
883,Male,Indonesia,2016-02-18,9,0.12
884,Male,Kenya,2016-08-06,67,0.63
885,Male,United States,2016-02-01,83,6.70
886,Male,Uzbekistan,2015-11-03,31,5.03
887,Female,China,2015-09-12,12,0.4.3
888,Female,Japan,2016-08-13,29,6.84
889,Female,Sweden,2016-07-19,15,9.42
890,Male,Palestinian Territory,2015-12-06,5,5.2.2
891,Female,Brazil,2016-05-26,46,5.3
892,Female,Indonesia,2016-02-27,15,0.1.5
893,Male,Dominican Republic,2016-05-09,4,1.6
894,Male,Poland,2016-06-02,21,9.2
895,Female,Czech Republic,2015-10-09,2,0.8.7
896,Male,Brazil,2016-03-31,94,0.6.3
897,Male,Peru,2016-07-02,96,0.46
898,Female,Ukraine,2016-03-19,17,9.04
899,Male,China,2015-11-30,89,0.7.7
900,Male,China,2016-06-25,45,8.1
901,Male,Canada,2016-01-25,31,7.8.7
902,Female,Japan,2015-12-06,4,5.7.5
903,Female,Syria,2016-04-28,95,8.04
904,Female,Russia,2015-10-30,69,8.06
905,Male,Indonesia,2016-01-31,18,1.64
906,Male,China,2016-04-24,77,0.90
907,Female,France,2015-12-21,37,6.2
908,Male,Finland,2016-05-19,17,0.94
909,Male,Sweden,2015-10-08,24,8.41
910,Male,Bolivia,2015-12-31,57,5.5
911,Male,France,2015-10-06,29,6.56
912,Male,Indonesia,2016-05-31,84,9.84
913,Female,Philippines,2016-05-19,90,0.7.7
914,Male,China,2016-06-03,55,0.2.8
915,Male,Colombia,2016-04-06,30,3.0
916,Male,Venezuela,2016-09-07,10,2.72
917,Female,Indonesia,2016-01-10,13,0.66
918,Male,Portugal,2016-06-03,68,0.12
919,Male,Russia,2015-12-02,46,5.38
920,Male,Vanuatu,2016-04-01,15,1.30
921,Female,Portugal,2016-02-13,11,0.38
922,Female,Belarus,2015-09-17,65,7.3
923,Female,Kazakhstan,2015-11-30,61,1.72
924,Female,Indonesia,2016-03-13,67,5.5.8
925,Male,Indonesia,2016-08-04,70,4.30
926,Female,Portugal,2015-12-08,45,0.6.9
927,Male,China,2015-10-22,79,7.6.6
928,Male,Indonesia,2016-07-23,24,0.8.2
929,Male,Sweden,2016-06-03,99,0.78
930,Male,United States,2015-09-21,50,0.2.3
931,Male,Mexico,2016-02-29,77,6.70
932,Female,Sweden,2015-10-08,39,0.94
933,Male,Portugal,2016-02-26,79,0.9.4
934,Female,Indonesia,2015-11-30,90,0.6.2
935,Female,Albania,2016-03-10,28,1.59
936,Female,Brazil,2015-11-15,31,0.90
937,Female,Japan,2016-07-13,11,0.13
938,Female,Philippines,2015-11-12,71,1.42
939,Female,Mali,2016-04-10,67,2.4.9
940,Female,France,2016-01-24,70,0.9.1
941,Male,China,2016-01-22,94,6.3
942,Female,Canada,2016-06-10,25,0.27
943,Male,Canada,2015-11-24,52,7.0.7
944,Male,Indonesia,2016-02-15,49,0.67
945,Male,China,2015-10-09,13,0.5.3
946,Female,Croatia,2015-11-22,87,0.3.2
947,Male,Russia,2016-05-03,56,0.22
948,Male,Belarus,2015-11-11,90,0.92
949,Female,Indonesia,2016-05-13,93,2.4
950,Male,Serbia,2016-03-07,35,0.9.4
951,Male,Norway,2016-01-30,43,5.4.8
952,Male,China,2016-01-15,88,0.7.1
953,Female,Bolivia,2016-03-12,92,0.74
954,Male,France,2016-06-19,70,0.48
955,Female,Sweden,2015-12-14,55,0.7.7
956,Female,China,2016-05-13,72,8.90
957,Female,Slovenia,2016-05-01,1,9.3
958,Male,Finland,2016-04-25,13,2.9
959,Male,Mexico,2016-07-10,96,9.3
960,Female,Czech Republic,2016-08-01,62,7.7
961,Male,China,2015-10-22,96,0.9.3
962,Male,Russia,2016-06-11,73,0.13
963,Male,France,2016-09-08,6,5.7
964,Female,Japan,2016-03-19,66,7.3.4
965,Female,Philippines,2016-01-22,3,3.19
966,Female,Japan,2016-04-21,71,0.6.8
967,Female,Russia,2016-07-22,9,9.6.7
968,Male,Philippines,2016-03-24,28,1.6
969,Female,France,2016-01-29,60,6.5.8
970,Male,Armenia,2016-06-26,97,5.3.0
971,Female,Yemen,2015-09-15,36,0.7.6
972,Male,Indonesia,2016-02-29,93,3.80
973,Male,Portugal,2015-10-26,24,9.78
974,Female,Chile,2016-04-24,97,0.2.9
975,Female,China,2015-12-05,99,0.63
976,Male,Portugal,2016-09-02,31,7.4
977,Female,China,2015-11-29,56,0.67
978,Male,Japan,2016-03-02,98,6.9.8
979,Female,Bolivia,2016-06-18,64,7.0.3
980,Female,Finland,2015-11-11,47,6.6.5
981,Female,Russia,2016-03-14,79,0.59
982,Male,Argentina,2016-06-08,75,0.5.0
983,Female,Croatia,2015-09-28,71,6.48
984,Male,Cuba,2015-11-14,65,0.4.8
985,Male,Poland,2015-09-12,31,0.3.9
986,Female,Russia,2016-03-21,62,4.9.9
987,Female,United States,2016-07-03,83,0.92
988,Male,Sweden,2016-01-06,69,0.9.9
989,Female,Paraguay,2016-06-17,92,0.65
990,Female,Thailand,2016-07-30,72,0.63
991,Male,Philippines,2016-02-16,2,0.21
992,Male,Russia,2016-03-02,83,4.2.5
993,Female,China,2016-01-02,73,6.0
994,Female,China,2016-04-27,78,0.1.5
995,Female,Ivory Coast,2015-10-13,38,0.22
996,Female,Portugal,2015-12-18,100,5.1
997,Female,China,2016-07-05,91,0.7.9
998,Male,China,2016-05-30,19,4.23
999,Male,Yemen,2016-07-06,49,2.9
1000,Male,Ivory Coast,2016-02-14,41,0.8.7
